{
    "iptm+ptm": {
        "model_1_multimer_v2_pred_0": 0.5375713950578787,
        "model_1_multimer_v2_pred_1": 0.4011907737885592,
        "model_1_multimer_v2_pred_2": 0.3877183591212259,
        "model_1_multimer_v2_pred_3": 0.5977545160054052,
        "model_1_multimer_v2_pred_4": 0.3916270228800858,
        "model_2_multimer_v2_pred_0": 0.3723842487265785,
        "model_2_multimer_v2_pred_1": 0.38139413596752303,
        "model_2_multimer_v2_pred_2": 0.3709431935664703,
        "model_2_multimer_v2_pred_3": 0.37662204957605305,
        "model_2_multimer_v2_pred_4": 0.37338702564801796,
        "model_3_multimer_v2_pred_0": 0.3765457190300621,
        "model_3_multimer_v2_pred_1": 0.3787424491835269,
        "model_3_multimer_v2_pred_2": 0.38452197955787837,
        "model_3_multimer_v2_pred_3": 0.3802658140911389,
        "model_3_multimer_v2_pred_4": 0.3794627608105584,
        "model_4_multimer_v2_pred_0": 0.4662450174187701,
        "model_4_multimer_v2_pred_1": 0.4923342231916341,
        "model_4_multimer_v2_pred_2": 0.3817100946665297,
        "model_4_multimer_v2_pred_3": 0.3722788220069626,
        "model_4_multimer_v2_pred_4": 0.3772873252850204,
        "model_5_multimer_v2_pred_0": 0.453207277682688,
        "model_5_multimer_v2_pred_1": 0.3737450048789282,
        "model_5_multimer_v2_pred_2": 0.3751155705012293,
        "model_5_multimer_v2_pred_3": 0.42225793280683027,
        "model_5_multimer_v2_pred_4": 0.37970037117036415
    },
    "order": [
        "model_1_multimer_v2_pred_3",
        "model_1_multimer_v2_pred_0",
        "model_4_multimer_v2_pred_1",
        "model_4_multimer_v2_pred_0",
        "model_5_multimer_v2_pred_0",
        "model_5_multimer_v2_pred_3",
        "model_1_multimer_v2_pred_1",
        "model_1_multimer_v2_pred_4",
        "model_1_multimer_v2_pred_2",
        "model_3_multimer_v2_pred_2",
        "model_4_multimer_v2_pred_2",
        "model_2_multimer_v2_pred_1",
        "model_3_multimer_v2_pred_3",
        "model_5_multimer_v2_pred_4",
        "model_3_multimer_v2_pred_4",
        "model_3_multimer_v2_pred_1",
        "model_4_multimer_v2_pred_4",
        "model_2_multimer_v2_pred_3",
        "model_3_multimer_v2_pred_0",
        "model_5_multimer_v2_pred_2",
        "model_5_multimer_v2_pred_1",
        "model_2_multimer_v2_pred_4",
        "model_2_multimer_v2_pred_0",
        "model_4_multimer_v2_pred_3",
        "model_2_multimer_v2_pred_2"
    ]
}
