{
    "iptm+ptm": {
        "model_1_multimer_v3_pred_0": 0.6316470832444235,
        "model_1_multimer_v3_pred_1": 0.6258831533481526,
        "model_1_multimer_v3_pred_2": 0.6173820213450245,
        "model_1_multimer_v3_pred_3": 0.623750108675321,
        "model_1_multimer_v3_pred_4": 0.6426006787965258,
        "model_2_multimer_v3_pred_0": 0.5539110624672817,
        "model_2_multimer_v3_pred_1": 0.567765535300818,
        "model_2_multimer_v3_pred_2": 0.5515316461090136,
        "model_2_multimer_v3_pred_3": 0.5489417259407127,
        "model_2_multimer_v3_pred_4": 0.5523505271156173,
        "model_3_multimer_v3_pred_0": 0.6278652018879234,
        "model_3_multimer_v3_pred_1": 0.6393797685044162,
        "model_3_multimer_v3_pred_2": 0.6372601617642085,
        "model_3_multimer_v3_pred_3": 0.6466162368656975,
        "model_3_multimer_v3_pred_4": 0.6185590030539392,
        "model_4_multimer_v3_pred_0": 0.6317733921569164,
        "model_4_multimer_v3_pred_1": 0.624086164165649,
        "model_4_multimer_v3_pred_2": 0.6323795023321381,
        "model_4_multimer_v3_pred_3": 0.6266790132803765,
        "model_4_multimer_v3_pred_4": 0.6268068814607008,
        "model_5_multimer_v3_pred_0": 0.5958053079422118,
        "model_5_multimer_v3_pred_1": 0.6193360339339884,
        "model_5_multimer_v3_pred_2": 0.6151797177459633,
        "model_5_multimer_v3_pred_3": 0.6013468175491559,
        "model_5_multimer_v3_pred_4": 0.6021439470051668
    },
    "order": [
        "model_3_multimer_v3_pred_3",
        "model_1_multimer_v3_pred_4",
        "model_3_multimer_v3_pred_1",
        "model_3_multimer_v3_pred_2",
        "model_4_multimer_v3_pred_2",
        "model_4_multimer_v3_pred_0",
        "model_1_multimer_v3_pred_0",
        "model_3_multimer_v3_pred_0",
        "model_4_multimer_v3_pred_4",
        "model_4_multimer_v3_pred_3",
        "model_1_multimer_v3_pred_1",
        "model_4_multimer_v3_pred_1",
        "model_1_multimer_v3_pred_3",
        "model_5_multimer_v3_pred_1",
        "model_3_multimer_v3_pred_4",
        "model_1_multimer_v3_pred_2",
        "model_5_multimer_v3_pred_2",
        "model_5_multimer_v3_pred_4",
        "model_5_multimer_v3_pred_3",
        "model_5_multimer_v3_pred_0",
        "model_2_multimer_v3_pred_1",
        "model_2_multimer_v3_pred_0",
        "model_2_multimer_v3_pred_4",
        "model_2_multimer_v3_pred_2",
        "model_2_multimer_v3_pred_3"
    ]
}
